SELECT * FROM Autores;
SELECT * FROM Livros;
SELECT * FROM Clientes;
SELECT * FROM Emprestimos;
   
INSERT INTO Livros (livro_ID, Titulo, Autor_ID, Ano_Publicacao, Genero)VALUES
(28, 'Pride and Prejudice', 34, 1813, 'Romance'),
    (29, 'Sense and Sensibility', 34, 1811, 'Romance'),
    (30, 'The Adventures of Tom Sawyer', 35, 1876, 'Ficção'),
    (31, 'The Great Gatsby', 36, 1925, 'Ficção'),
    (32, 'The Old Man and the Sea', 37, 1952, 'Ficção'),
    (33, 'A Tale of Two Cities', 38, 1859, 'Ficção Histórica'),
    (34, 'Great Expectations', 38, 1861, 'Ficção'),
    (35, '1984', 39, 1949, 'Distopia'),
    (36, 'Animal Farm', 39, 1945, 'Distopia'),
    (37, 'War and Peace', 40, 1869, 'Ficção Histórica'),
    (38, 'Anna Karenina', 40, 1877, 'Ficção'),
    (39, 'Crime and Punishment', 41, 1866, 'Ficção'),
    (40, 'The Brothers Karamazov', 41, 1880, 'Ficção'),
    (41, 'One Hundred Years of Solitude', 42, 1967, 'Realismo Mágico'),
    (42, 'Love in the Time of Cholera', 42, 1985, 'Romance'),
    (43, 'The Alchemist', 43, 1988, 'Ficção'),
    (44, 'Brida', 43, 1990, 'Ficção'),
    (45, 'The War of the Worlds', 44, 1898, 'Ficção Científica'),
    (46, 'The Time Machine', 44, 1895, 'Ficção Científica'),
    (47, 'The Lion, the Witch and the Wardrobe', 45, 1950, 'Fantasia'),
    (48, 'Prince Caspian', 45, 1951, 'Fantasia'),
    (49, 'It Ends with Us', 46, 2016, 'Romance'),
    (50, 'Ugly Love', 46, 2014, 'Romance'),
    (51, 'Harry Potter e a Pedra Filosofal', 47, 1997, 'Fantasia'),
    (52, 'Harry Potter e a Câmara Secreta', 47, 1998, 'Fantasia'),
    (53, 'A Game of Thrones', 48, 1996, 'Fantasia'),
    (54, 'A Clash of Kings', 48, 1998, 'Fantasia'),
    (55, 'Foundation', 49, 1951, 'Ficção Científica'),
    (56, 'I, Robot', 49, 1950, 'Ficção Científica'),
    (57, 'The Hobbit', 50, 1937, 'Fantasia'),
    (58, 'The Fellowship of the Ring', 50, 1954, 'Fantasia'),
    (59, 'Murder on the Orient Express', 51, 1934, 'Mistério'),
    (60, 'The Murder of Roger Ackroyd', 51, 1926, 'Mistério'),
    (61, 'The Shining', 52, 1977, 'Horror'),
    (62, 'It', 52, 1986, 'Horror'),
    (63, 'The Catcher in the Rye', 53, 1951, 'Ficção'),
    (64, 'Moby-Dick', 54, 1851, 'Aventura'),
    (65, 'Pride and Prejudice', 55, 1813, 'Romance'),
    (66, 'Sense and Sensibility', 55, 1811, 'Romance'),
    (67, 'The Adventures of Tom Sawyer', 56, 1876, 'Ficção'),
    (68, 'The Great Gatsby', 57, 1925, 'Ficção'),
    (69, 'The Old Man and the Sea', 58, 1952, 'Ficção'),
    (70, 'A Tale of Two Cities', 59, 1859, 'Ficção Histórica'),
    (71, 'Great Expectations', 59, 1861, 'Ficção'),
    (72, '1984', 60, 1949, 'Distopia'),
    (73, 'Animal Farm', 60, 1945, 'Distopia'),
    (74, 'War and Peace', 61, 1869, 'Ficção Histórica'),
    (75, 'Anna Karenina', 61, 1877, 'Ficção'),
    (76, 'Crime and Punishment', 62, 1866, 'Ficção'),
    (77, 'The Brothers Karamazov', 62, 1880, 'Ficção'),
    (78, 'One Hundred Years of Solitude', 63, 1967, 'Realismo Mágico'),
    (79, 'Love in the Time of Cholera', 63, 1985, 'Romance');

INSERT INTO Clientes (cliente_ID, Nome, Endereco, Email) VALUES
    (1, 'Maria Silva', 'Rua das Flores, 123, São Paulo, SP', 'maria.silva@example.com'),
    (2, 'João Souza', 'Av. Paulista, 456, São Paulo, SP', 'joao.souza@example.com'),
    (3, 'Ana Pereira', 'Rua do Sol, 789, Rio de Janeiro, RJ', 'ana.pereira@example.com'),
    (4, 'Carlos Santos', 'Av. Atlântica, 101, Rio de Janeiro, RJ', 'carlos.santos@example.com'),
    (5, 'Luciana Costa', 'Rua das Palmeiras, 202, Belo Horizonte, MG', 'luciana.costa@example.com'),
    (6, 'Roberto Lima', 'Av. Amazonas, 303, Belo Horizonte, MG', 'roberto.lima@example.com'),
    (7, 'Fernanda Almeida', 'Rua das Hortênsias, 404, Curitiba, PR', 'fernanda.almeida@example.com'),
    (8, 'Paulo Gonçalves', 'Av. Batel, 505, Curitiba, PR', 'paulo.goncalves@example.com'),
    (9, 'Juliana Ferreira', 'Rua das Acácias, 606, Porto Alegre, RS', 'juliana.ferreira@example.com'),
    (10, 'Ricardo Ribeiro', 'Av. Ipiranga, 707, Porto Alegre, RS', 'ricardo.ribeiro@example.com');

INSERT INTO Emprestimos (emprestimo_ID, cliente_ID, livro_ID, Data_Emprestimo, Data_Devolucao) VALUES
    (1, 1, 1, '2024-07-01', '2024-07-15'),
    (2, 2, 3, '2024-07-02', '2024-07-16'),
    (3, 3, 5, '2024-07-03', '2024-07-17'),
    (4, 4, 7, '2024-07-04', '2024-07-18'),
    (5, 5, 9, '2024-07-05', '2024-07-19'),
    (6, 6, 11, '2024-07-06', '2024-07-20'),
    (7, 7, 13, '2024-07-07', '2024-07-21'),
    (8, 8, 15, '2024-07-08', '2024-07-22'),
    (9, 9, 17, '2024-07-09', '2024-07-23'),
    (10, 10, 19, '2024-07-10', '2024-07-24');

